<layer-list xmlns:android="http://schemas.android.com/apk/res/android">
    <!-- Define the background properties like color etc -->
    <item android:id="@android:id/background">
        <shape>
            <gradient
                android:startColor="#f6ca6c"
                android:centerColor="#f6c562"
                android:centerY="1.0"
                android:endColor="#0d1522"
                android:angle="270"
                />
        </shape>
    </item>

    <!-- Define the progress properties like start color, end color etc -->
    <item android:id="@android:id/progress">
        <clip>
            <shape>
                <gradient
                    android:startColor="#ce4501"
                    android:centerColor="#cd4401"
                    android:centerY="1.0"
                    android:endColor="#06101d"
                    android:angle="270"
                    />
            </shape>
        </clip>
    </item>

</layer-list>